GEO.id,GEO.id2,GEO.display-label,GC.target-geo-id,GC.target-geo-id2,GC.display-label,GC.display-label,rescen42010,resbase42010,respop72010,respop72011,respop72012,respop72013,respop72014,respop72015
Id,Id2,Geography,Target Geo Id,Target Geo Id2,Country,Geographic region,"April 1, 2010 - Census","April 1, 2010 - Estimates Base",Population Estimate (as of July 1) - 2010,Population Estimate (as of July 1) - 2011,Population Estimate (as of July 1) - 2012,Population Estimate (as of July 1) - 2013,Population Estimate (as of July 1) - 2014,Population Estimate (as of July 1) - 2015
0100000US,,United States,0100000US,,United States,United States,308745538,308758105,309346863,311718857,314102623,316427395,318907401,321418820
0100000US,,United States,330M200US104,104,"United States - Albany-Schenectady, NY CSA","Albany-Schenectady, NY CSA",1168485,1168511,1168860,1169835,1171427,1173047,1173328,1173891
0100000US,,United States,330M200US106,106,"United States - Albuquerque-Santa Fe-Las Vegas, NM CSA","Albuquerque-Santa Fe-Las Vegas, NM CSA",1146049,1146049,1149120,1157781,1162200,1164682,1165686,1168533
0100000US,,United States,330M200US108,108,"United States - Amarillo-Borger, TX CSA","Amarillo-Borger, TX CSA",274083,274182,274929,278042,279869,280873,282802,283790
0100000US,,United States,330M200US118,118,"United States - Appleton-Oshkosh-Neenah, WI CSA","Appleton-Oshkosh-Neenah, WI CSA",392660,392660,393003,395112,397358,399413,401122,402553
0100000US,,United States,330M200US120,120,"United States - Asheville-Brevard, NC CSA","Asheville-Brevard, NC CSA",457948,457950,458527,461185,464798,470094,474773,480051
0100000US,,United States,330M200US122,122,"United States - Atlanta--Athens-Clarke County--Sandy Springs, GA CSA","Atlanta--Athens-Clarke County--Sandy Springs, GA CSA",5910296,5910295,5928855,6003653,6089020,6162258,6259454,6365108
0100000US,,United States,330M200US140,140,"United States - Bend-Redmond-Prineville, OR CSA","Bend-Redmond-Prineville, OR CSA",178711,178711,178738,180444,182400,186712,191437,196898
0100000US,,United States,330M200US142,142,"United States - Birmingham-Hoover-Talladega, AL CSA","Birmingham-Hoover-Talladega, AL CSA",1302283,1302515,1303181,1304543,1307493,1312147,1316109,1319238
0100000US,,United States,330M200US144,144,"United States - Bloomington-Bedford, IN CSA","Bloomington-Bedford, IN CSA",205683,205671,206263,207917,208723,209117,210220,211072
0100000US,,United States,330M200US145,145,"United States - Bloomington-Pontiac, IL CSA","Bloomington-Pontiac, IL CSA",225083,225083,225315,226207,227624,228683,227356,226084
0100000US,,United States,330M200US146,146,"United States - Bloomsburg-Berwick-Sunbury, PA CSA","Bloomsburg-Berwick-Sunbury, PA CSA",264739,264735,264736,264476,264844,264439,264511,263873
0100000US,,United States,330M200US147,147,"United States - Boise City-Mountain Home-Ontario, ID-OR CSA","Boise City-Mountain Home-Ontario, ID-OR CSA",697535,697534,699123,707202,717206,729532,744138,756061
0100000US,,United States,330M200US148,148,"United States - Boston-Worcester-Providence, MA-RI-NH-CT CSA","Boston-Worcester-Providence, MA-RI-NH-CT CSA",7893376,7893747,7910231,7955936,8004855,8056994,8108613,8152573
0100000US,,United States,330M200US150,150,"United States - Bowling Green-Glasgow, KY CSA","Bowling Green-Glasgow, KY CSA",210871,210871,211396,213155,214725,216966,219012,221915
0100000US,,United States,330M200US154,154,"United States - Brownsville-Harlingen-Raymondville, TX CSA","Brownsville-Harlingen-Raymondville, TX CSA",428354,428353,429827,435249,438097,440024,442317,444059
0100000US,,United States,330M200US160,160,"United States - Buffalo-Cheektowaga, NY CSA","Buffalo-Cheektowaga, NY CSA",1215826,1215905,1215826,1215444,1214581,1215024,1215280,1213152
0100000US,,United States,330M200US162,162,"United States - Cape Coral-Fort Myers-Naples, FL CSA","Cape Coral-Fort Myers-Naples, FL CSA",940274,940274,943215,959110,977380,1000466,1027588,1059287
0100000US,,United States,330M200US164,164,"United States - Cape Girardeau-Sikeston, MO-IL CSA","Cape Girardeau-Sikeston, MO-IL CSA",135466,135462,135684,136193,136358,136404,136435,136542
0100000US,,United States,330M200US168,168,"United States - Cedar Rapids-Iowa City, IA CSA","Cedar Rapids-Iowa City, IA CSA",410526,410526,411397,416458,420599,424204,428482,432538
0100000US,,United States,330M200US170,170,"United States - Charleston-Huntington-Ashland, WV-OH-KY CSA","Charleston-Huntington-Ashland, WV-OH-KY CSA",708228,708245,708225,706292,705540,702820,698613,693726
0100000US,,United States,330M200US172,172,"United States - Charlotte-Concord, NC-SC CSA","Charlotte-Concord, NC-SC CSA",2375675,2375916,2382214,2414874,2453246,2493891,2536813,2583956
0100000US,,United States,330M200US174,174,"United States - Chattanooga-Cleveland-Dalton, TN-GA-AL CSA","Chattanooga-Cleveland-Dalton, TN-GA-AL CSA",923460,923461,924729,930246,936382,940910,944904,950005
0100000US,,United States,330M200US176,176,"United States - Chicago-Naperville, IL-IN-WI CSA","Chicago-Naperville, IL-IN-WI CSA",9840929,9841359,9851016,9874634,9898334,9921628,9932164,9923358
0100000US,,United States,330M200US178,178,"United States - Cincinnati-Wilmington-Maysville, OH-KY-IN CSA","Cincinnati-Wilmington-Maysville, OH-KY-IN CSA",2174110,2174282,2177265,2182861,2189168,2197052,2207450,2216735
0100000US,,United States,330M200US184,184,"United States - Cleveland-Akron-Canton, OH CSA","Cleveland-Akron-Canton, OH CSA",3515646,3515657,3513633,3504422,3498880,3499477,3499218,3493596
0100000US,,United States,330M200US185,185,"United States - Cleveland-Indianola, MS CSA","Cleveland-Indianola, MS CSA",63595,63598,63105,62379,62501,62017,61344,60327
0100000US,,United States,330M200US188,188,"United States - Clovis-Portales, NM CSA","Clovis-Portales, NM CSA",68222,68222,68973,70144,71053,70628,70681,69518
0100000US,,United States,330M200US190,190,"United States - Columbia-Moberly-Mexico, MO CSA","Columbia-Moberly-Mexico, MO CSA",213585,213585,214101,216863,219665,221718,224019,226174
0100000US,,United States,330M200US192,192,"United States - Columbia-Orangeburg-Newberry, SC CSA","Columbia-Orangeburg-Newberry, SC CSA",897607,897480,899563,905957,913025,919974,927742,937288
0100000US,,United States,330M200US194,194,"United States - Columbus-Auburn-Opelika, GA-AL CSA","Columbus-Auburn-Opelika, GA-AL CSA",469327,469997,471380,480716,493879,503102,502820,504865
0100000US,,United States,330M200US198,198,"United States - Columbus-Marion-Zanesville, OH CSA","Columbus-Marion-Zanesville, OH CSA",2308509,2308559,2313208,2332027,2350929,2374133,2400837,2424831
0100000US,,United States,330M200US204,204,"United States - Corpus Christi-Kingsville-Alice, TX CSA","Corpus Christi-Kingsville-Alice, TX CSA",501500,501503,501365,504720,511188,517571,522140,526068
0100000US,,United States,330M200US206,206,"United States - Dallas-Fort Worth, TX-OK CSA","Dallas-Fort Worth, TX-OK CSA",6817483,6817579,6844509,6967257,7103649,7217180,7355868,7504362
0100000US,,United States,330M200US209,209,"United States - Davenport-Moline, IA-IL CSA","Davenport-Moline, IA-IL CSA",471551,471554,472082,473034,474509,475327,474863,474385
0100000US,,United States,330M200US212,212,"United States - Dayton-Springfield-Sidney, OH CSA","Dayton-Springfield-Sidney, OH CSA",1080044,1080028,1080883,1080937,1080690,1079256,1077862,1076832
0100000US,,United States,330M200US216,216,"United States - Denver-Aurora, CO CSA","Denver-Aurora, CO CSA",3090874,3091002,3104620,3160479,3218147,3281160,3346099,3418876
0100000US,,United States,330M200US217,217,"United States - DeRidder-Fort Polk South, LA CSA","DeRidder-Fort Polk South, LA CSA",87988,87988,88588,88385,90454,89133,88437,87265
0100000US,,United States,330M200US218,218,"United States - Des Moines-Ames-West Des Moines, IA CSA","Des Moines-Ames-West Des Moines, IA CSA",722323,722323,724709,734883,744329,757000,770898,782390
0100000US,,United States,330M200US220,220,"United States - Detroit-Warren-Ann Arbor, MI CSA","Detroit-Warren-Ann Arbor, MI CSA",5318744,5319082,5313491,5309126,5313268,5316124,5320168,5319913
0100000US,,United States,330M200US221,221,"United States - Dixon-Sterling, IL CSA","Dixon-Sterling, IL CSA",94529,94529,94426,93757,92898,92471,91970,91663
0100000US,,United States,330M200US222,222,"United States - Dothan-Enterprise-Ozark, AL CSA","Dothan-Enterprise-Ozark, AL CSA",245838,245838,246405,247218,249107,248156,248325,248947
0100000US,,United States,330M200US232,232,"United States - Eau Claire-Menomonie, WI CSA","Eau Claire-Menomonie, WI CSA",205008,205247,205535,206730,207859,209137,209385,210133
0100000US,,United States,330M200US233,233,"United States - Edwards-Glenwood Springs, CO CSA","Edwards-Glenwood Springs, CO CSA",125734,125734,125335,124904,125986,126910,128068,129487
0100000US,,United States,330M200US236,236,"United States - Elmira-Corning, NY CSA","Elmira-Corning, NY CSA",187820,187836,187960,188283,188371,187510,185795,184702
0100000US,,United States,330M200US238,238,"United States - El Paso-Las Cruces, TX-NM CSA","El Paso-Las Cruces, TX-NM CSA",1013356,1013364,1017304,1036408,1049629,1049820,1052815,1053267
0100000US,,United States,330M200US240,240,"United States - Erie-Meadville, PA CSA","Erie-Meadville, PA CSA",369331,369331,369464,369221,368744,367518,365993,364529
0100000US,,United States,330M200US244,244,"United States - Fargo-Wahpeton, ND-MN CSA","Fargo-Wahpeton, ND-MN CSA",231674,231674,232327,235932,240558,246537,251447,256634
0100000US,,United States,330M200US246,246,"United States - Fayetteville-Lumberton-Laurinburg, NC CSA","Fayetteville-Lumberton-Laurinburg, NC CSA",536708,536708,538085,544683,545106,548490,547905,546215
0100000US,,United States,330M200US248,248,"United States - Findlay-Tiffin, OH CSA","Findlay-Tiffin, OH CSA",131527,131527,131310,131488,131634,131467,131014,131183
0100000US,,United States,330M200US258,258,"United States - Fort Wayne-Huntington-Auburn, IN CSA","Fort Wayne-Huntington-Auburn, IN CSA",611712,611707,612389,615386,617174,620153,622891,626124
0100000US,,United States,330M200US260,260,"United States - Fresno-Madera, CA CSA","Fresno-Madera, CA CSA",1081315,1081317,1083587,1093060,1099873,1107342,1119545,1129859
0100000US,,United States,330M200US264,264,"United States - Gainesville-Lake City, FL CSA","Gainesville-Lake City, FL CSA",331806,331806,332190,333981,336458,337715,341418,345511
0100000US,,United States,330M200US266,266,"United States - Grand Rapids-Wyoming-Muskegon, MI CSA","Grand Rapids-Wyoming-Muskegon, MI CSA",1379237,1379239,1379657,1385555,1396271,1410186,1422511,1433288
0100000US,,United States,330M200US267,267,"United States - Green Bay-Shawano, WI CSA","Green Bay-Shawano, WI CSA",352422,352428,352935,354940,357073,358455,360582,362396
0100000US,,United States,330M200US268,268,"United States - Greensboro--Winston-Salem--High Point, NC CSA","Greensboro--Winston-Salem--High Point, NC CSA",1589200,1589289,1591741,1601427,1610997,1620591,1631929,1642506
0100000US,,United States,330M200US273,273,"United States - Greenville-Spartanburg-Anderson, SC CSA","Greenville-Spartanburg-Anderson, SC CSA",1362073,1362194,1364419,1373107,1384019,1394373,1409757,1426625
0100000US,,United States,330M200US274,274,"United States - Greenville-Washington, NC CSA","Greenville-Washington, NC CSA",215907,215921,216603,218474,220431,221779,222616,223493
0100000US,,United States,330M200US276,276,"United States - Harrisburg-York-Lebanon, PA CSA","Harrisburg-York-Lebanon, PA CSA",1219422,1219465,1220923,1224937,1229846,1234694,1240294,1247235
0100000US,,United States,330M200US277,277,"United States - Harrisonburg-Staunton-Waynesboro, VA CSA","Harrisonburg-Staunton-Waynesboro, VA CSA",243730,243719,243764,245778,247148,248396,250167,251352
0100000US,,United States,330M200US278,278,"United States - Hartford-West Hartford, CT CSA","Hartford-West Hartford, CT CSA",1486436,1486433,1488206,1489406,1488985,1488665,1485968,1483187
0100000US,,United States,330M200US280,280,"United States - Hickory-Lenoir, NC CSA","Hickory-Lenoir, NC CSA",410493,410488,410267,409191,408358,407952,407177,407499
0100000US,,United States,330M200US284,284,"United States - Hot Springs-Malvern, AR CSA","Hot Springs-Malvern, AR CSA",128947,128923,129256,129636,130171,130419,130518,130603
0100000US,,United States,330M200US288,288,"United States - Houston-The Woodlands, TX CSA","Houston-The Woodlands, TX CSA",6114562,6114719,6142919,6254631,6380389,6528359,6693982,6855069
0100000US,,United States,330M200US290,290,"United States - Huntsville-Decatur-Albertville, AL CSA","Huntsville-Decatur-Albertville, AL CSA",664441,664437,666355,673027,678133,683188,688162,692157
0100000US,,United States,330M200US292,292,"United States - Idaho Falls-Rexburg-Blackfoot, ID CSA","Idaho Falls-Rexburg-Blackfoot, ID CSA",229650,229722,230424,231900,232527,232984,234268,235829
0100000US,,United States,330M200US294,294,"United States - Indianapolis-Carmel-Muncie, IN CSA","Indianapolis-Carmel-Muncie, IN CSA",2266569,2266772,2271571,2290515,2310049,2335373,2354724,2372530
0100000US,,United States,330M200US296,296,"United States - Ithaca-Cortland, NY CSA","Ithaca-Cortland, NY CSA",150900,150900,151039,151647,152320,153445,153656,153420
0100000US,,United States,330M200US298,298,"United States - Jackson-Vicksburg-Brookhaven, MS CSA","Jackson-Vicksburg-Brookhaven, MS CSA",660368,660885,662063,667185,669110,669326,670244,670061
0100000US,,United States,330M200US300,300,"United States - Jacksonville-St. Marys-Palatka, FL-GA CSA","Jacksonville-St. Marys-Palatka, FL-GA CSA",1470473,1470473,1473991,1486256,1503642,1520178,1545017,1573606
0100000US,,United States,330M200US304,304,"United States - Johnson City-Kingsport-Bristol, TN-VA CSA","Johnson City-Kingsport-Bristol, TN-VA CSA",508260,508258,508557,508875,509366,508754,507871,507768
0100000US,,United States,330M200US306,306,"United States - Johnstown-Somerset, PA CSA","Johnstown-Somerset, PA CSA",221421,221422,221227,219971,218733,215592,213760,211933
0100000US,,United States,330M200US308,308,"United States - Jonesboro-Paragould, AR CSA","Jonesboro-Paragould, AR CSA",163116,163116,163436,165554,167400,168910,170550,172590
0100000US,,United States,330M200US309,309,"United States - Joplin-Miami, MO-OK CSA","Joplin-Miami, MO-OK CSA",207366,207364,207711,208577,206713,207503,208245,209192
0100000US,,United States,330M200US310,310,"United States - Kalamazoo-Battle Creek-Portage, MI CSA","Kalamazoo-Battle Creek-Portage, MI CSA",524030,524035,524222,524739,525930,528205,530026,530672
0100000US,,United States,330M200US312,312,"United States - Kansas City-Overland Park-Kansas City, MO-KS CSA","Kansas City-Overland Park-Kansas City, MO-KS CSA",2343008,2343008,2347787,2361355,2377700,2394515,2411638,2428362
0100000US,,United States,330M200US314,314,"United States - Knoxville-Morristown-Sevierville, TN CSA","Knoxville-Morristown-Sevierville, TN CSA",1077073,1077228,1078724,1084273,1090730,1095839,1102915,1109174
0100000US,,United States,330M200US316,316,"United States - Kokomo-Peru, IN CSA","Kokomo-Peru, IN CSA",119655,119655,119528,119438,119399,118949,118676,118418
0100000US,,United States,330M200US318,318,"United States - Lafayette-Opelousas-Morgan City, LA CSA","Lafayette-Opelousas-Morgan City, LA CSA",604784,604784,605645,608254,611253,616915,622437,627146
0100000US,,United States,330M200US320,320,"United States - Lafayette-West Lafayette-Frankfort, IN CSA","Lafayette-West Lafayette-Frankfort, IN CSA",235013,235017,235290,237528,240299,243021,244943,246972
0100000US,,United States,330M200US330,330,"United States - Lansing-East Lansing-Owosso, MI CSA","Lansing-East Lansing-Owosso, MI CSA",534684,534680,534846,536071,536141,536929,539211,540895
0100000US,,United States,330M200US332,332,"United States - Las Vegas-Henderson, NV-AZ CSA","Las Vegas-Henderson, NV-AZ CSA",2195401,2195400,2197608,2213276,2244335,2273489,2314680,2362015
0100000US,,United States,330M200US336,336,"United States - Lexington-Fayette--Richmond--Frankfort, KY CSA","Lexington-Fayette--Richmond--Frankfort, KY CSA",687173,687173,689010,695806,703101,709070,716216,723849
0100000US,,United States,330M200US338,338,"United States - Lima-Van Wert-Celina, OH CSA","Lima-Van Wert-Celina, OH CSA",221838,221838,221786,221285,220763,220360,220306,219831
0100000US,,United States,330M200US339,339,"United States - Lincoln-Beatrice, NE CSA","Lincoln-Beatrice, NE CSA",324468,324468,325279,328683,332347,336469,341502,345478
0100000US,,United States,330M200US340,340,"United States - Little Rock-North Little Rock, AR CSA","Little Rock-North Little Rock, AR CSA",877091,877157,879832,887995,893835,898638,902386,904469
0100000US,,United States,330M200US346,346,"United States - Longview-Marshall, TX CSA","Longview-Marshall, TX CSA",280000,280013,280436,282286,283022,282639,283266,284527
0100000US,,United States,330M200US348,348,"United States - Los Angeles-Long Beach, CA CSA","Los Angeles-Long Beach, CA CSA",17877006,17877325,17913101,18085449,18242277,18393734,18539231,18679763
0100000US,,United States,330M200US350,350,"United States - Louisville/Jefferson County--Elizabethtown--Madison, KY-IN CSA","Louisville/Jefferson County--Elizabethtown--Madison, KY-IN CSA",1459911,1459926,1463781,1472246,1479782,1491666,1500396,1504559
0100000US,,United States,330M200US352,352,"United States - Lubbock-Levelland, TX CSA","Lubbock-Levelland, TX CSA",313740,313740,315061,318358,321087,325066,330279,334587
0100000US,,United States,330M200US356,356,"United States - Macon-Warner Robins, GA CSA","Macon-Warner Robins, GA CSA",411898,411898,412680,416414,418264,417770,418125,418245
0100000US,,United States,330M200US357,357,"United States - Madison-Janesville-Beloit, WI CSA","Madison-Janesville-Beloit, WI CSA",827742,827744,828822,836337,843490,851392,858991,866475
0100000US,,United States,330M200US358,358,"United States - Manhattan-Junction City, KS CSA","Manhattan-Junction City, KS CSA",127081,127097,128604,130667,136576,135110,134246,135575
0100000US,,United States,330M200US359,359,"United States - Mankato-New Ulm-North Mankato, MN CSA","Mankato-New Ulm-North Mankato, MN CSA",122633,122633,122696,122981,123422,123118,124044,124447
0100000US,,United States,330M200US360,360,"United States - Mansfield-Ashland-Bucyrus, OH CSA","Mansfield-Ashland-Bucyrus, OH CSA",221398,221398,221262,219658,218665,218139,217438,217226
0100000US,,United States,330M200US362,362,"United States - Martin-Union City, TN-KY CSA","Martin-Union City, TN-KY CSA",73641,73641,73662,73316,72668,71734,71276,70837
0100000US,,United States,330M200US365,365,"United States - McAllen-Edinburg, TX CSA","McAllen-Edinburg, TX CSA",835737,835742,840315,857035,869799,881682,894710,906099
0100000US,,United States,330M200US366,366,"United States - Medford-Grants Pass, OR CSA","Medford-Grants Pass, OR CSA",285919,285919,286281,287402,289127,291261,293757,297312
0100000US,,United States,330M200US368,368,"United States - Memphis-Forrest City, TN-MS-AR CSA","Memphis-Forrest City, TN-MS-AR CSA",1353087,1353087,1354592,1360534,1368420,1368848,1369891,1370716
0100000US,,United States,330M200US370,370,"United States - Miami-Fort Lauderdale-Port St. Lucie, FL CSA","Miami-Fort Lauderdale-Port St. Lucie, FL CSA",6166766,6168430,6189108,6312973,6400408,6480137,6565481,6654565
0100000US,,United States,330M200US372,372,"United States - Midland-Odessa, TX CSA","Midland-Odessa, TX CSA",278801,278807,278884,284777,296730,306992,315839,326154
0100000US,,United States,330M200US376,376,"United States - Milwaukee-Racine-Waukesha, WI CSA","Milwaukee-Racine-Waukesha, WI CSA",2025989,2026052,2026692,2031831,2038122,2041978,2045542,2046692
0100000US,,United States,330M200US378,378,"United States - Minneapolis-St. Paul, MN-WI CSA","Minneapolis-St. Paul, MN-WI CSA",3684928,3684928,3691806,3726947,3760789,3799410,3835644,3866768
0100000US,,United States,330M200US380,380,"United States - Mobile-Daphne-Fairhope, AL CSA","Mobile-Daphne-Fairhope, AL CSA",595257,595408,596525,599721,604146,609247,614639,619104
0100000US,,United States,330M200US382,382,"United States - Modesto-Merced, CA CSA","Modesto-Merced, CA CSA",770246,770249,772166,778066,783885,789431,798038,806843
0100000US,,United States,330M200US384,384,"United States - Monroe-Ruston-Bastrop, LA CSA","Monroe-Ruston-Bastrop, LA CSA",251155,251216,251556,251939,252321,252852,252795,253407
0100000US,,United States,330M200US390,390,"United States - Morgantown-Fairmont, WV CSA","Morgantown-Fairmont, WV CSA",186127,186127,186851,188930,191210,192404,193694,195101
0100000US,,United States,330M200US393,393,"United States - Moses Lake-Othello, WA CSA","Moses Lake-Othello, WA CSA",107848,107848,108437,109639,110551,111020,112032,112513
0100000US,,United States,330M200US394,394,"United States - Mount Pleasant-Alma, MI CSA","Mount Pleasant-Alma, MI CSA",112787,112787,112737,112807,112666,112575,112453,112238
0100000US,,United States,330M200US396,396,"United States - Myrtle Beach-Conway, SC-NC CSA","Myrtle Beach-Conway, SC-NC CSA",436880,436880,438832,445846,454240,464885,477904,493262
0100000US,,United States,330M200US400,400,"United States - Nashville-Davidson--Murfreesboro, TN CSA","Nashville-Davidson--Murfreesboro, TN CSA",1788434,1788440,1793766,1816731,1845894,1877863,1913962,1951644
0100000US,,United States,330M200US404,404,"United States - New Bern-Morehead City, NC CSA","New Bern-Morehead City, NC CSA",193271,193271,193817,195617,196366,195962,196063,195124
0100000US,,United States,330M200US406,406,"United States - New Orleans-Metairie-Hammond, LA-MS CSA","New Orleans-Metairie-Hammond, LA-MS CSA",1413965,1413882,1419927,1439317,1453455,1468202,1480495,1493205
0100000US,,United States,330M200US408,408,"United States - New York-Newark, NY-NJ-CT-PA CSA","New York-Newark, NY-NJ-CT-PA CSA",23076664,23076822,23116508,23284011,23405103,23531175,23636444,23723696
0100000US,,United States,330M200US412,412,"United States - North Port-Sarasota, FL CSA","North Port-Sarasota, FL CSA",897121,897121,898234,903117,917621,931918,952389,977491
0100000US,,United States,330M200US416,416,"United States - Oklahoma City-Shawnee, OK CSA","Oklahoma City-Shawnee, OK CSA",1322429,1322434,1327604,1346955,1368803,1392211,1409421,1430327
0100000US,,United States,330M200US420,420,"United States - Omaha-Council Bluffs-Fremont, NE-IA CSA","Omaha-Council Bluffs-Fremont, NE-IA CSA",902041,902041,904831,913970,922618,932629,941992,952018
0100000US,,United States,330M200US422,422,"United States - Orlando-Deltona-Daytona Beach, FL CSA","Orlando-Deltona-Daytona Beach, FL CSA",2818120,2818118,2824532,2866631,2925085,2982050,3051019,3129308
0100000US,,United States,330M200US424,424,"United States - Paducah-Mayfield, KY-IL CSA","Paducah-Mayfield, KY-IL CSA",135883,135881,135955,136404,136036,135308,135398,134733
0100000US,,United States,330M200US425,425,"United States - Parkersburg-Marietta-Vienna, WV-OH CSA","Parkersburg-Marietta-Vienna, WV-OH CSA",154451,154451,154469,154189,153909,153764,153450,153444
0100000US,,United States,330M200US426,426,"United States - Peoria-Canton, IL CSA","Peoria-Canton, IL CSA",416255,416255,416000,416633,417029,418217,415749,413717
0100000US,,United States,330M200US428,428,"United States - Philadelphia-Reading-Camden, PA-NJ-DE-MD CSA","Philadelphia-Reading-Camden, PA-NJ-DE-MD CSA",7067807,7068012,7075616,7104304,7132363,7148900,7167810,7183479
0100000US,,United States,330M200US430,430,"United States - Pittsburgh-New Castle-Weirton, PA-OH-WV CSA","Pittsburgh-New Castle-Weirton, PA-OH-WV CSA",2660727,2660771,2661091,2662392,2662271,2660835,2655410,2648605
0100000US,,United States,330M200US438,438,"United States - Portland-Lewiston-South Portland, ME CSA","Portland-Lewiston-South Portland, ME CSA",621800,621802,621598,623490,625807,627655,630954,633528
0100000US,,United States,330M200US440,440,"United States - Portland-Vancouver-Salem, OR-WA CSA","Portland-Vancouver-Salem, OR-WA CSA",2921408,2921412,2928853,2960844,2991721,3019451,3060325,3110906
0100000US,,United States,330M200US444,444,"United States - Pueblo-Cañon City, CO CSA","Pueblo-Cañon City, CO CSA",205887,205887,206377,207607,207927,207681,208140,210283
0100000US,,United States,330M200US446,446,"United States - Pullman-Moscow, WA-ID CSA","Pullman-Moscow, WA-ID CSA",82020,82020,82075,82970,84818,85116,85523,86955
0100000US,,United States,330M200US448,448,"United States - Quincy-Hannibal, IL-MO CSA","Quincy-Hannibal, IL-MO CSA",116262,116262,116330,116540,116387,116159,116299,116296
0100000US,,United States,330M200US450,450,"United States - Raleigh-Durham-Chapel Hill, NC CSA","Raleigh-Durham-Chapel Hill, NC CSA",1912729,1912617,1922137,1959900,1998632,2036429,2075649,2117103
0100000US,,United States,330M200US452,452,"United States - Rapid City-Spearfish, SD CSA","Rapid City-Spearfish, SD CSA",158695,158706,159261,160704,163201,166318,168342,168961
0100000US,,United States,330M200US454,454,"United States - Redding-Red Bluff, CA CSA","Redding-Red Bluff, CA CSA",240686,240684,240910,241254,241643,242025,242708,242841
0100000US,,United States,330M200US456,456,"United States - Reno-Carson City-Fernley, NV CSA","Reno-Carson City-Fernley, NV CSA",579668,579688,580256,582210,585786,590200,597827,605706
0100000US,,United States,330M200US458,458,"United States - Richmond-Connersville, IN CSA","Richmond-Connersville, IN CSA",93194,93305,93233,92911,92244,91692,90913,90435
0100000US,,United States,330M200US462,462,"United States - Rochester-Austin, MN CSA","Rochester-Austin, MN CSA",246040,246040,246364,247789,248892,250828,251890,252989
0100000US,,United States,330M200US464,464,"United States - Rochester-Batavia-Seneca Falls, NY CSA","Rochester-Batavia-Seneca Falls, NY CSA",1175001,1174972,1175559,1177984,1178438,1178977,1177667,1175724
0100000US,,United States,330M200US466,466,"United States - Rockford-Freeport-Rochelle, IL CSA","Rockford-Freeport-Rochelle, IL CSA",450639,450639,450320,448378,445568,443800,440742,438071
0100000US,,United States,330M200US468,468,"United States - Rocky Mount-Wilson-Roanoke Rapids, NC CSA","Rocky Mount-Wilson-Roanoke Rapids, NC CSA",310416,310413,310221,309445,307979,305788,304127,302665
0100000US,,United States,330M200US470,470,"United States - Rome-Summerville, GA CSA","Rome-Summerville, GA CSA",122332,122332,122373,121886,121673,121112,120953,121426
0100000US,,United States,330M200US472,472,"United States - Sacramento-Roseville, CA CSA","Sacramento-Roseville, CA CSA",2414783,2414783,2420457,2441576,2461066,2484100,2513129,2544026
0100000US,,United States,330M200US474,474,"United States - Saginaw-Midland-Bay City, MI CSA","Saginaw-Midland-Bay City, MI CSA",391569,391569,391275,390113,389110,387310,384877,382598
0100000US,,United States,330M200US476,476,"United States - St. Louis-St. Charles-Farmington, MO-IL CSA","St. Louis-St. Charles-Farmington, MO-IL CSA",2892497,2892550,2895015,2898346,2901867,2905683,2910622,2916447
0100000US,,United States,330M200US482,482,"United States - Salt Lake City-Provo-Orem, UT CSA","Salt Lake City-Provo-Orem, UT CSA",2271696,2271696,2281920,2316777,2351176,2392178,2425719,2467709
0100000US,,United States,330M200US488,488,"United States - San Jose-San Francisco-Oakland, CA CSA","San Jose-San Francisco-Oakland, CA CSA",8153696,8153925,8174136,8274092,8378850,8492085,8608859,8713914
0100000US,,United States,330M200US496,496,"United States - Savannah-Hinesville-Statesboro, GA CSA","Savannah-Hinesville-Statesboro, GA CSA",495745,495755,496759,509037,516606,517782,526891,532048
0100000US,,United States,330M200US500,500,"United States - Seattle-Tacoma, WA CSA","Seattle-Tacoma, WA CSA",4274767,4274773,4285410,4342727,4401280,4462001,4528917,4602591
0100000US,,United States,330M200US512,512,"United States - Sioux City-Vermillion, IA-SD-NE CSA","Sioux City-Vermillion, IA-SD-NE CSA",182427,182427,182668,182983,182927,182710,182848,183033
0100000US,,United States,330M200US515,515,"United States - South Bend-Elkhart-Mishawaka, IN-MI CSA","South Bend-Elkhart-Mishawaka, IN-MI CSA",720647,720640,720257,721136,720796,721544,723505,725065
0100000US,,United States,330M200US518,518,"United States - Spokane-Spokane Valley-Coeur d'Alene, WA-ID CSA","Spokane-Spokane Valley-Coeur d'Alene, WA-ID CSA",666247,666247,667487,670964,674724,679955,688160,698170
0100000US,,United States,330M200US520,520,"United States - Springfield-Branson, MO CSA","Springfield-Branson, MO CSA",520589,520593,521392,524855,529262,533469,537427,541991
0100000US,,United States,330M200US521,521,"United States - Springfield-Greenfield Town, MA CSA","Springfield-Greenfield Town, MA CSA",692942,693077,694734,697600,698481,699460,701599,702583
0100000US,,United States,330M200US522,522,"United States - Springfield-Jacksonville-Lincoln, IL CSA","Springfield-Jacksonville-Lincoln, IL CSA",316177,316181,316417,317437,317576,315928,315396,314212
0100000US,,United States,330M200US524,524,"United States - State College-DuBois, PA CSA","State College-DuBois, PA CSA",235632,235625,235835,236497,237336,239788,240632,241574
0100000US,,United States,330M200US525,525,"United States - Steamboat Springs-Craig, CO CSA","Steamboat Springs-Craig, CO CSA",37304,37301,37262,36683,36414,36605,36849,37067
0100000US,,United States,330M200US532,532,"United States - Syracuse-Auburn, NY CSA","Syracuse-Auburn, NY CSA",742603,742609,742887,742650,741192,742254,740587,738746
0100000US,,United States,330M200US533,533,"United States - Tallahassee-Bainbridge, FL-GA CSA","Tallahassee-Bainbridge, FL-GA CSA",395255,396612,397224,398719,402864,400778,402884,405098
0100000US,,United States,330M200US534,534,"United States - Toledo-Port Clinton, OH CSA","Toledo-Port Clinton, OH CSA",651429,651435,651523,650794,649573,648907,647853,646833
0100000US,,United States,330M200US536,536,"United States - Tucson-Nogales, AZ CSA","Tucson-Nogales, AZ CSA",1027683,1027683,1029280,1035681,1040437,1044538,1050905,1056486
0100000US,,United States,330M200US538,538,"United States - Tulsa-Muskogee-Bartlesville, OK CSA","Tulsa-Muskogee-Bartlesville, OK CSA",1106431,1106478,1109264,1116110,1123529,1132686,1140289,1151172
0100000US,,United States,330M200US540,540,"United States - Tyler-Jacksonville, TX CSA","Tyler-Jacksonville, TX CSA",260559,260557,261385,263852,266306,267859,271102,274478
0100000US,,United States,330M200US544,544,"United States - Victoria-Port Lavaca, TX CSA","Victoria-Port Lavaca, TX CSA",115384,115384,115410,116025,118188,119336,120515,121808
0100000US,,United States,330M200US545,545,"United States - Virginia Beach-Norfolk, VA-NC CSA","Virginia Beach-Norfolk, VA-NC CSA",1779243,1779238,1782558,1789242,1800829,1809157,1820430,1828187
0100000US,,United States,330M200US546,546,"United States - Visalia-Porterville-Hanford, CA CSA","Visalia-Porterville-Hanford, CA CSA",595161,595164,595448,599584,602419,604956,607368,610828
0100000US,,United States,330M200US548,548,"United States - Washington-Baltimore-Arlington, DC-MD-VA-WV-PA CSA","Washington-Baltimore-Arlington, DC-MD-VA-WV-PA CSA",9051961,9052225,9089423,9227640,9347052,9460190,9547240,9625360
0100000US,,United States,330M200US554,554,"United States - Wausau-Stevens Point-Wisconsin Rapids, WI CSA","Wausau-Stevens Point-Wisconsin Rapids, WI CSA",307574,307574,307634,307775,307999,308197,307868,307691
0100000US,,United States,330M200US556,556,"United States - Wichita-Arkansas City-Winfield, KS CSA","Wichita-Arkansas City-Winfield, KS CSA",667230,667230,668208,669604,672583,674828,677400,680398
0100000US,,United States,330M200US558,558,"United States - Williamsport-Lock Haven, PA CSA","Williamsport-Lock Haven, PA CSA",155349,155349,155449,156226,157062,156556,156014,155489
0100000US,,United States,330M200US566,566,"United States - Youngstown-Warren, OH-PA CSA","Youngstown-Warren, OH-PA CSA",673614,673645,672741,669779,665503,662073,659107,654691
0100000US,,United States,0400000US72,72,Puerto Rico,Puerto Rico,3725789,3726157,3721526,3678736,3634487,3593079,3534888,3474182
0100000US,,United States,330M200US364,364,"Puerto Rico - Mayagüez-San Germán, PR CSA","Mayagüez-San Germán, PR CSA",243792,243956,243590,240548,237419,234397,230406,226216
0100000US,,United States,330M200US434,434,"Puerto Rico - Ponce-Coamo-Santa Isabel, PR CSA","Ponce-Coamo-Santa Isabel, PR CSA",433749,433749,432842,426627,420032,414060,406433,398143
0100000US,,United States,330M200US490,490,"Puerto Rico - San Juan-Carolina, PR CSA","San Juan-Carolina, PR CSA",2664889,2665069,2662257,2633139,2603483,2575643,2534958,2493270